STN Code,Name,Year,Temperature Min,DO Min,pH Min,Conductivity Min,BOD Min,Nitrate Min,Faecal Coli Form Min,Total Coli Form Min
1446,"HEBALLA VALLEY LAKE AT D/S ROAD BRIDGE NR. MAYA, KARNATAKA",2015,20,0,6,240,2,0,1700,5800
3582,HEBBAL LAKE,2015,25,3,7,1476,5,1,700,5800
3583,KUKKARAHALLI LAKE,2015,25,3,8,658,4,1,1300,700
3584,DALAVAI LAKE,2015,26,0,7,872,11,1,2100,8400
3585,YENNEHOLE LAKE,2015,26,1,7,836,10,0,1400,5800
3586,LIMBHABUDI LAKE,2015,26,1,8,572,7,1,1200,4700
3587,SHETTYKERE LAKE,2015,25,3,8,496,4,1,1100,4800
3591,KEMPAMBUDHI LAKE,2015,24,3,7,1129,5,4,542,542
3592,YEDIYUR LAKE,2015,24,3,7,362,2,0,542,542
3593,"ULSOOR LAKE TRAINING CENTRE OF FISH BREEDING, KARNATAKA",2015,17,1,7,348,3,1,542,542
3601,KARIHOBANAHALLI LAKE,2015,24,5,7,234,3,1,542,542
3602,BELLAUR LAKE,2015,23,0,7,584,5,1,348,542
3608,VARTHUR LAKE,2015,23,0,7,649,3,1,542,542
3610,TUBRAHALLI LAKE,2015,27,2,7,1033,5,0,542,542
3611,KAIKOANAHALLI LAKE,2015,21,3,7,996,4,0,542,542
3612,AGARAM LAKE,2015,21,0,7,839,5,0,542,542
3613,GOTTEGRE LAKE,2015,21,4,7,1304,30,2,0,542
3614,PUTTENAHALLI LAKE (S),2015,23,2,7,260,3,1,542,542
3615,ARAKERE LAKE,2015,27,3,7,515,3,1,17200,542
3616,KALENA AGRAHARA LAKE,2015,23,0,7,798,5,1,426,542
3617,HULIMAVU LAKE,2015,25,1,7,347,3,0,426,542
3620,PARAPPANA AGRAHARA LAKE,2015,24,0,7,994,3,1,542,542
3621,HARALAKUNTE LAKE,2015,22,2,7,631,4,0,542,542
3622,SOMASURA PALYA LAKE,2015,23,1,7,1191,6,1,542,175
3624,PUTTENAHALLI LAKE,2015,28,0,7,822,5,0,542,542
3625,HEBBAL LAKE,2015,26,3,7,8.9,3,0,542,542
3627,JAKKUR LAKE,2015,28,2,7,584,3,0,345,542
3628,AMRUTHAHALLI LAKE,2015,29,1,7,1225,7,2,542,542
3644,MULBHAGAL LAKE,2015,20,4,6,556,4,1,542,542
3645,DEVARAYASAMUDRA LAKE,2015,20,5,7,169,3,1,542,542
3646,NARASAPURA LAKE,2015,23,5,6,72,3,1,49000,94000
3647,HULEDANAHALLI LAKE,2015,21,4,7,57,0,1,141,212
3649,BUGUDANAHALLI LAKE,2015,22,6,7,108,2,0,542,542
3654,GOTTIGERE LAKE,2015,24,2,7,394,2,0,542,542
3559,HULLIGE TANK,2015,26,7,7,458,3,0,300,900
3560,MAVENAKERE,2015,26,6,9,1925,10,0,900,1600
3561,HUIKERE (KOPPAL),2015,26,7,7,386,2,0,300,900
3588,KARANJIKERE,2015,25,3,8,552,3,1,1100,4900
3589,MADIWALA TANK,2015,21,3,7,413,3,1,542,542
3595,BYRASARA TANK,2015,17,1,7,518,4,1,542,542
3597,HESARAGHATTA TANK,2015,24,3,5,84,2,0,221,542
3598,HEROHALLI TANK,2015,24,4,7,638,4,0,542,542
3599,MADAVARA TANK,2015,23,3,7,104,4,1,140,542
3600,SHIVAPURA TANK,2015,25,4,7,1400,6,2,240000,542
3604,DODDANAKUI TANK,2015,27,5,7,793,3,0,542,542
3605,YELLAMALLAPPA TANK,2015,26,0,7,803,3,1,542,542
3606,DASARAHALLI TANK,2015,23,4,7,124,3,0,542,542
3607,KALKERE TANK,2015,26,0,7,418,4,1,542,542
3618,SINGASARA LAKE,2015,23,2,7,640,4,1,542,542
3619,BEGUR TANK,2015,27,4,7,941,4,1,542,542
3626,NAGAVARA TANK,2015,27,4,7,576,3,0,542,542
3629,ALLASARA TANK,2015,26,4,7,604,3,0,542,542
3630,YELAHANKA TANK,2015,27,1,7,588,3,0,542,542
3632,VEERAPURA TANK,2015,23,7,7,344,4,1,542,542
3634,DEVARAKERE TANK,2015,20,3,7,514,4,1,49000,221000
3635,MALATHAHALLI TANK,2015,24,2,7,1129,3,1,542,542
3637,BYRAMANGALA TANK,2015,26,0,7,1215,2,2,542,542
3639,YELAHANKA TANK,2015,27,1,7,1370,6,4,0,542
3643,BEENNIGANAHALLI TANK,2015,23,0,7,655,3,1,542,542
3651,BHEEMSARA TANK,2015,28,0,7,898,4,2,542,542
3652,PAVAGADA TANK,2015,31,3,6,500,7,3,542,542
3653,DODDAKERE TANK,2015,24,0,7,149,1,0,240,542
3656,NALLIKATTE KERE,2015,23,6,7,290,2,0,330,2100
3657,KAACHACHALLI KOPPALUKERE,2015,24,4,7,790,3,0,490,3500
3658,KALLAKATTE KERE,2015,25,1,7,1140,5,0,7900,22000
3659,MATHANA KERE,2015,2,3,7,700,4,0,3200,13000
3660,HUNASINA KERE,2015,24,2,7,700,4,0,4900,17000
3661,KOKKANAGHATTADODDAKERE,2015,25,5,8,980,2,0,330,2800
3662,KAWSHIKAKERE,2015,24,5,8,370,2,0,380,1700
3663,JOLADAKATTE,2015,25,6,8,400,1,0,400,1700
3664,BASAVANAHALLIKERE,2015,25,6,7,370,2,0,260,1400
3665,LINGAPPANAKATTE,2015,24,3,7,540,2,0,270,2200
3666,GANIGARAHOSAHALLIKERE,2015,24,6,7,340,2,0,210,1600
3667,SATHENAHALLIDODDAKERE,2015,24,5,7,410,1,0,580,2100
3668,SODHARAHALLIKERE,2015,24,6,7,390,2,0,260,1700
3669,SHELERAMANAHALLIKERE,2015,25,5,7,320,1,0,330,1700
3670,HAINARAKATTE,2015,25,5,7,250,1,0,330,1700
3671,HANUMANTHAPURAKATTE,2015,25,6,8,320,1,0,210,1100
3672,SANKALAPURAKERE,2015,24,5,8,430,2,0,430,2100
3673,HAVALIKERE,2015,23,5,7,560,2,0,210,1700
3674,SATHAMANGALAKERE,2015,25,6,7,330,3,0,430,5400
3675,B KALEHALLIKERE,2015,26,5,7,360,2,0,330,1700
3676,THAVENAHALLIKERE,2015,23,5,7,380,2,0,320,2100
3677,SHARANABAWESHWARA KERE,2015,26,7,8,976,5,0,110,300
3679,BHUTANALA LAKE,2015,30,3,8,630,2,0,500,900
3680,KILLA LAKE,2015,22,5,7,420,1,0,500,900
3681,ANGOL MI TANL,2015,22,0,6,730,6,0,900,1600
3682,KAKATI POND,2015,22,5,8,900,1,0,900,1600
3683,HEREKERE,2015,20,4,7,687,29,3,170,550
3684,KELEGERE,2015,20,7,8,740,2,1,130,275
3685,NAVALOORU LAKE,2015,22,6,8,488,3,1,170,900
3686,NIRASAGARAKERE,2015,20,7,8,405,1,0,11,17
3687,NUGGIKERE,2015,21,6,7,635,3,1,110,275
3688,SUDANAKERE,2015,20,6,8,604,4,1,170,350
3689,SOMESHWARAKERE,2015,20,6,7,63,3,2,110,350
3690,UNAKALKERE,2015,21,7,8,810,4,1,170,350
3691,VIMANABHUTHIKERE,2015,25,6,7,85,2,0,22,70
3692,KUUVADAKERE,2015,24,5,7,130,2,0,110,280
3693,BHATHIKERE,2015,24,4,7,300,3,0,500,500
3694,SHANTHISAGARKERE,2015,26,7,7,120,2,0,90,220
3695,KOAGGIKERE,2015,23,7,7,170,2,0,80,220
3696,AIANAKERE,2015,26,3,8,910,10,0,350,900
3697,MATTADAKERE,2015,26,7,7,1040,4,0,170,500
1388,"ULSOOR LAKE TRAINING CENTRE OF FISH BREEDING,KARNA",2016,27,5.7,7.6,451,4,1.3,3300,24000
1446,"HEBALLA VALLEY LAKE AT D/S ROAD BRIDGE NR. MANDYA, KARNATAKA",2016,23,1,7.6,468,3,0.3,2300,24000
3582,HEBBAL LAKE,2016,25,1.7,7.6,1724,7,0.2,3400,24000
3583,KUKKARAHALLI LAKE,2016,25,5.6,8.3,686,4.2,0.1,490,5400
3584,DALAVAI LAKE,2016,24,0.2,7.5,972,12,0.2,3300,24000
3585,YENNEHOLE LAKE,2016,25,1.2,7.7,1024,11,0.4,3300,24000
3586,LIMBHABUDI LAKE,2016,26,4.4,7.9,650,6,0.2,2300,24000
3587,SHETTYKERE LAKE,2016,25,3.1,7.8,648,6.1,0.1,920,1600
3592,YEDIYUR LAKE,2016,22,5.1,6.7,291,3,0,1200,16000
3593,"ULSOOR LAKE TRAINING CENTRE OF FISH BREEDING, KARNATAKA",2016,27,5.4,6.7,429,4,0.8,3300,24000
3601,KARIHOBANAHALLI LAKE,2016,23,0.2,6.6,619,5,0.4,3300,24000
3602,BELLANDUR LAKE,2016,27,1.6,6.9,961,6,0,23,24000
3608,VARTHUR LAKE,2016,26,2.2,6.7,1003,5,1,4000,24000
3610,TUBRAHALLI LAKE,2016,26,1,7.2,1350,9,1.2,2100,7000
3611,KAIKONDANAHALLI LAKE,2016,27,2.6,6.7,561,4.5,0.5,4000,24000
3612,AGARAM LAKE,2016,27,1,6.9,833,4.5,0.4,4000,24000
3614,PUTTENAHALLI LAKE (S),2016,27,2.2,6.9,582,3.6,0.8,3300,24000
3615,ARAKERE LAKE,2016,27,4.2,6.8,565,3,0.6,4600,35000
3616,KALENA AGRAHARA LAKE,2016,27,4.6,7.4,590,5,0.2,2300,24000
3617,HULIMAVU LAKE,2016,27,2.4,7,989,3.3,0.2,2300,24000
3618,SINGASANDRA LAKE,2016,27,1,6.8,560,4,0.6,4000,24000
3620,PARAPPANA AGRAHARA LAKE,2016,27,3.2,6.8,587,4.7,1.1,1500,16000
3621,HARALAKUNTE LAKE,2016,27,2.5,7,680,4,0.3,3300,24000
3622,SOMASUNDRA PALYA LAKE,2016,27,2.3,6.8,595,10,1,240,2200
3624,PUTTENAHALLI LAKE,2016,24,0.7,6.9,970,18,0.8,910,5800
3625,HEBBAL LAKE,2016,23,4.4,7.2,695,3,0.9,4000,35000
3627,JAKKUR LAKE,2016,26,3.8,7.1,825,6,1.5,3300,24000
3644,MULBHAGAL LAKE,2016,23,4.3,7.3,1199,3,0.5,3300,24000
3645,DEVARAYASAMUDRA LAKE,2016,24,5.3,7.1,214,2.7,0,4600,35000
3646,NARASAPURA LAKE,2016,24,3.5,7.3,434,2,0.3,2300,24000
3649,BUGUDANAHALLI LAKE,2016,25,5.5,7.1,117,3,0.2,2300,24000
3659,MATHANA KERE,2016,25,3.4,7.9,980,3,0,3300,24000
3660,HUNASINA KERE,2016,25,3.6,8,960,3,0.1,2200,24000
3661,KOKKANAGHATTADODDAKERE,2016,25,4.7,7.7,38,3,0.1,3300,24000
3667,SATHENAHALLIDODDAKERE,2016,25,5.2,7.6,390,2,0,4900,24000
3669,SHELERAMANAHALLIKERE,2016,25,5.1,7.4,280,2,0,4800,35000
3559,HULLIGE TANK,2016,25,6,6.9,166,10,0,4600,35000
3560,MAVENAKERE,2016,26,3,8.6,1586,16,0,2300,24000
3561,HUNDIKERE (KOPPAL),2016,25,6.3,7.2,347,2.5,0,920,1600
3565,PILIKULA TANK,2016,27,6.2,6.6,98,1,0,2300,24000
3588,KARANJIKERE,2016,24,6,7.8,530,4,0.1,2700,24000
3589,MADIWALA TANK,2016,26,1.3,6.9,581,4,0.4,2600,24000
3590,LALBAGH TANK,2016,22,5.6,7.1,459,3,0.1,830,4600
3594,SANKEY TANK,2016,26,5.1,7.4,390,3,0.2,460,3500
3595,BYRASANDRA TANK,2016,27,5.6,7.2,438,4,0.5,780,5800
3597,HESARAGHATTA TANK,2016,26,4.1,5.8,99,4,1.1,3300,24000
3598,HEROHALLI TANK,2016,22,0.4,6.7,565,4,0.1,3300,24000
3599,MADAVARA TANK,2016,22,1.4,6.8,684,5,0.2,3900,24000
3600,SHIVAPURA TANK,2016,24,2.5,6.6,378,6,0.3,3300,24000
3603,VENGAIHNAKERE,2016,27,3,7,1214,6,1,3400,24000
3604,DODDANAKUNDI TANK,2016,25,2.1,6.9,857,4,1,26,109
3605,YELLAMALLAPPA TANK,2016,27,1.5,7,1087,4,1.6,4600,35000
3606,DASARAHALLI TANK,2016,21,5.6,7,690,4,0.1,2300,24000
3607,KALKERE TANK,2016,28,,7,1313,22,2,330,9200
3619,BEGUR TANK,2016,27,2.4,6.9,842,4.8,0.1,3300,24000
3626,NAGAVARA TANK,2016,25,3.8,7,694,2,0.8,4000,35000
3629,ALLASANDRA TANK,2016,24,5.6,7,685,5,1.4,3300,24000
3630,YELAHANKA TANK,2016,26,4.1,7.4,794,5,1.4,3300,35000
3632,VEERAPURA TANK,2016,21,2.1,6.1,241,3,0.4,3300,24000
3634,DEVARAKERE TANK,2016,22,2.3,6.7,471,3,0,3300,24000
3635,MALATHAHALLI TANK,2016,22,2.4,6.8,863,6,0.1,3300,24000
3637,BYRAMANGALA TANK,2016,26,0.9,6.8,989,7,0.4,700,4700
3640,UTTARAHALLI DORAIKERE TANK,2016,24,2.6,6.6,7,1,0.1,4800,35000
3641,DHOREKERE TANK,2016,25,0.4,7,374,4,0,4300,35000
3643,BEENNIGANAHALLI TANK,2016,25,2.1,6.9,862,4,0.9,2300,24000
3648,MYDALA TANK,2016,27,4.3,6.7,141,3,0,2300,24000
3650,MELEKOTE TANK,2016,26,1.5,6.8,614,8,1.1,2300,24000
3651,BHEEMSANDRA TANK,2016,26,0.5,6.8,1369,10,1.6,9400,54000
3653,DODDAKERE TANK,2016,28,5.8,6.5,185,3,0.2,3400,24000
3654,GOTTIGERE LAKE,2016,28,3.9,6.8,1016,5,0.7,4000,24000
3656,NALLIKATTE KERE TANK,2016,27,6.5,7.4,480,2,0.2,2300,24000
3657,KAACHACHALLI KOPPALUKERE TANK,2016,25,2.7,7.4,390,5,0.1,11000,160000
3662,KAWSHIKAKERE TANK,2016,25,5.4,8.1,400,3,0,3300,24000
3663,JOLADAKATTE TANK,2016,25,6.5,8.2,440,3,0.1,4600,24000
3664,BASAVANAHALLIKERE TANK,2016,26,6.8,8.1,420,2,0.1,1300,7900
3665,LINGAPPANAKATTE TANK,2016,24,2.6,7.6,470,5,0.1,-,-
3666,GANIGARAHOSAHALLIKERE TANK,2016,27,6.1,7.3,400,1,0,6300,54000
3668,SODHARAHALLIKERE TANK,2016,26,5.2,7.4,280,3,0.1,3300,35000
3670,HAINARAKATTE TANK,2016,26,6.7,7.6,380,2,0.1,3300,24000
3671,HANUMANTHAPURAKATTE TANK,2016,26,4.5,7.8,320,2,0,1480,3200
3672,SANKALAPURAKERE TANK,2016,28,6.4,7.7,610,3,0.1,4100,24000
3673,HAVALIKERE TANK,2016,26,2.1,7.2,330,4,0,130,1100
3674,SATHAMANGALAKERETANK,2016,27,4.8,7.5,410,3,0.2,110,920
3675,B KALEHALLIKERE TANK,2016,28,6.7,7,460,4,0.1,6300,54000
3676,THAVENAHALLIKERE TANK,2016,27,4,7.4,400,4,0.3,330,2200
3677,SHARANABAWESHWARA KERE TANK,2016,26,5.1,8.4,765,3.5,0,3300,24000
3679,BHUTANALA LAKE,2016,23,4.8,8.1,820,3.7,0.1,2700,24000
3680,KILLA LAKE,2016,22,5.6,7.6,460,1.8,0.7,-,-
3681,ANGOL MI TANLTANK,2016,24,0.4,6.9,520,3.5,1.1,3300,35000
3682,KAKATI POND,2016,26,0.7,8.2,680,1.9,0.1,3300,24000
3683,HEREKERETANK,2016,23,3.9,6.8,612,21,0.6,4800,35000
3684,KELEGERETANK,2016,22,6.9,7.9,860,3.5,0.2,2300,24000
3685,NAVALOORU LAKE,2016,23,6.1,7.8,800,4.8,0.5,3300,13000
3686,NIRASAGARAKERETANK,2016,25,7.2,7.7,463,2.1,0.2,4700,35000
3687,NUGGIKERETANK,2016,22,6.4,7.7,847,3.9,0.5,2300,24000
3688,SUDANAKERETANK,2016,22,6,7.5,826,3.6,0.5,2300,24000
3689,SOMESHWARAKERETANK,2016,22,6,7.4,812,4.6,0.6,3300,35000
3690,UNAKALKERETANK,2016,23,5.9,7.8,1073,4.2,0.4,3300,24000
3691,VIMANABHUTHIKERE TANK,2016,26,6,7.3,98,2,0,140,1100
3692,KUNDUVADAKERETANK,2016,25,5.9,7.4,140,2,0.1,92,920
3693,BHATHIKERETANK,2016,25,3.8,7,430,9,0.2,210,1700
3694,SHANTHISAGARKERETANK,2016,25,6.4,7.1,140,2.3,0.1,63,279
3695,KONDAGGIKERETANK,2016,25,6.2,7,240,2.1,0.1,3400,24000
3696,AIANAKERETANK,2016,25,5.4,7.2,1280,16,0.6,4600,35000
3697,MATTADAKERETANK,2016,24,5,7.5,1260,4.6,0.4,350,1600
1388,"ULSOOR LAKE TRAINING CENTRE OF FISH BREEDING,
KARNATAKA",2017,28,4.2,7.4,410,3,0.55,170,1200
1446,"HEBALLA VALLEY LAKE AT D-S ROAD BRIDGE NR. MANDYA,
KARNATAKA",2017,23,4,7.6,496,2,0.24,350,1600
3582,HEBBAL LAKE,2017,21,2.8,6.4,1203,6.5,0.1,200,1700
3583,KUKKARAHALLI LAKE,2017,24,5.2,7.4,526,4,0.2,2700,24000
3584,DALAVAI LAKE,2017,24,1.1,7,754,10.4,0.13,210,1400
3585,YENNEHOLE LAKE,2017,25,1.2,7.2,733,10.6,0.3,920,1600
3586,LIMBHABUDI LAKE,2017,24,3.3,7.5,310,4.2,0.15,3300,24000
3587,SHETTYKERE LAKE,2017,24,4,7.9,469,4,0.24,2100,24000
3591,KEMPAMBUDHI LAKE,2017,21,4.2,6.8,282,4,0.7,110,920
3592,YEDIYUR LAKE,2017,21,0.7,6.5,250,2,0.31,700,4300
3593,"ULSOOR LAKE TRAINING CENTRE OF FISH BREEDING,
KARNATAKA",2017,27,4.2,6.9,330,3,0.41,32,212
3601,KARIHOBANAHALLI LAKE,2017,25,1,6.6,1417,6.6,2.7,3300,24000
3602,BELLANDUR LAKE,2017,27,0.6,6.7,552,4,1,3300,35000
3608,VARTHUR LAKE,2017,28,1.8,6.8,644,4,1.1,140,1100
3610,TUBRAHALLI LAKE,2017,26,3.1,7,889,8,0.85,-,-
3611,KAIKONDANAHALLI LAKE,2017,27,4.1,7.2,582,2,0.76,93,920
3612,AGARAM LAKE,2017,27,4.9,7.2,576,2,0.6,-,-
3613,GOTTEGRE LAKE,2017,29,,7.1,1081,45,2,3100,24000
3614,PUTTENAHALLI LAKE (S),2017,27,1,7,598,4.5,1,94,920
3615,ARAKERE LAKE,2017,27,1.1,7,643,5,1,2300,24000
3616,KALENA AGRAHARA LAKE,2017,28,2.7,6.8,251,3.9,0.84,4900,24000
3617,HULIMAVU LAKE,2017,27,1.5,6.9,607,4,0.8,2300,24000
3618,SINGASANDRA LAKE,2017,25.3,1.5,6.8,544,2,0.7,930,7000
3620,PARAPPANA AGRAHARA LAKE,2017,25.1,3.7,6.2,425,3,1,4900,24000
3621,HARALAKUNTE LAKE,2017,25,5,6.4,588,2,1,7900,35000
3622,SOMASUNDRA PALYA LAKE,2017,25.2,3.3,6.7,547,3,1,3300,24000
3624,PUTTENAHALLI LAKE,2017,27,0.3,6.5,218,6,1.2,4600,35000
3625,HEBBAL LAKE,2017,27,3.5,6.8,552,3,0.85,-,-
3627,JAKKUR LAKE,2017,28,2.2,7,539,4,0.32,14000,54000
3644,MULBHAGAL LAKE,2017,23,2.5,7,224,3,0.38,4600,35000
3645,DEVARAYASAMUDRA LAKE,2017,23,1.1,6.6,185,2,0.8,630,5400
3646,NARASAPURA LAKE,2017,24,6,6.6,206,2,0.45,4000,24000
3647,HULEDANAHALLI LAKE,2017,24,6.4,6.8,155,2,2,3300,24000
3649,BUGUDANAHALLI LAKE,2017,24,5.4,6.8,121,3,0.18,2,10
3559,HULLIGE TANK,2017,23,6.4,7.1,255,,0,19,76
3560,MAVENAKERE,2017,26,5.8,8.4,1257,,0,94,920
3561,HUNDIKERE (KOPPAL),2017,23,6,7.1,298,,0,23,23
3565,PILIKULA TANK,2017,28,6,6.7,133,1,0.18,1200,35000
3588,KARANJIKERE,2017,22,5.2,7.1,417,3.6,0.08,3300,24000
3589,MADIWALA TANK,2017,27,3.4,7,446,2.5,0.8,7900,54000
3590,LALBAGH TANK,2017,21,4,6.5,380,3,0.45,2,19
3594,SANKEY TANK,2017,25,5,6.6,411,3,0.5,170,1100
3595,BYRASANDRA TANK,2017,28,4.6,6.7,430,3,0.8,490,2400
3597,HESARAGHATTA TANK,2017,24,4.5,6.9,109,3,0.2,220,1600
3598,HEROHALLI TANK,2017,25,2.2,6.7,390,3,1,140,1100
3599,MADAVARA TANK,2017,25,0.7,6.8,448,3,1,-,-
3600,SHIVAPURA TANK,2017,25,0.4,6.7,1442,5,2.02,630,2200
3603,VENGAIHNAKERE,2017,27,3.7,7,648,4,1.2,4000,35000
3604,DODDANAKUNDI TANK,2017,25,3.5,6.5,648,3,0.9,13,70
3605,YELLAMALLAPPA TANK,2017,26,3.9,6.8,641,4,1.3,340,2200
3606,DASARAHALLI TANK,2017,25,3.5,6.7,304,3,0,4600,35000
3619,BEGUR TANK,2017,25.2,4.5,6.8,575,2,0.68,41,221
3626,NAGAVARA TANK,2017,28,4.6,6.8,546,3,0.2,21,120
3629,ALLASANDRA TANK,2017,20,3.2,5.9,538,3,0.1,2700,24000
3630,YELAHANKA TANK,2017,28,2.4,5.9,724,4,0.76,4600,24000
3632,VEERAPURA TANK,2017,22,5,6.6,369,3,0,2300,24000
3634,DEVARAKERE TANK,2017,25.2,4,6.6,339,3,0.46,-,-
3635,MALATHAHALLI TANK,2017,24.8,0.2,6.9,1147,3,2.2,140,24000
3637,BYRAMANGALA TANK,2017,23.8,0.5,6.7,562,3.6,0,3300,24000
3638,ANNAYAPPA TANK,2017,23,4.1,7.1,252,3,0.59,2100,8400
3639,KENGERI TANK,2017,34.7,0.6,6.8,3030,120,6,580,4300
3640,UTTARAHALLI DORAIKERE,2017,23.8,2.6,6.5,286,3,0.6,2100,8400
3641,DHOREKERE,2017,24.6,2.2,6.5,461,4,1.05,2100,8400
3643,BEENNIGANAHALLI TANK,2017,24,3.1,6.6,771,3,1,1100,4800
3648,MYDALA,2017,22,4.6,7.2,255,3,0.28,910,4800
3650,MELEKOTE,2017,24,0.8,7,804,3,0.33,1700,9200
3651,BHEEMSANDRA TANK,2017,24,1.8,6.8,728,3,2.1,940,5400
3653,DODDAKERE TANK,2017,24,4.7,6.6,195,3,0,4100,24000
3654,GOTTIGERE LAKE,2017,24,2.1,6.6,365,3,0.27,630,5400
3659,MATHANA KERE,2017,24,6.7,7.9,10,3,0.2,12000,92000
3660,HUNASINA KERE,2017,24,6.8,7.9,10,4.2,0.23,7000,54000
3661,KOKKANAGHATTADODDAKERE,2017,24,6.2,7.6,620,3,0.14,330,3500
3668,SODHARAHALLIKERE,2017,25,5.1,7.6,440,3,0.13,4800,7000
3669,SHELERAMANAHALLIKERE,2017,25,5.4,7.7,400,2,0.12,3300,24000
3677,SHARANABAWESHWARA KERE,2017,26,6,7.2,992,11,0,4800,35000
3679,BHUTANALA LAKE,2017,25,6.7,7.4,460,0.5,0.8,17000,92000
3680,KILLA LAKE,2017,24,5.3,7.5,340,1,0.16,330,3500
3681,ANGOL MI TANL,2017,24,1.4,6.5,480,16.5,0.48,790,9200
3682,KAKATI POND,2017,24,5.8,8.1,400,2.2,0.58,340,3500
3683,HEREKERE,2017,25,3.1,6.9,530,23.1,0.51,840,9200
3684,KELEGERE,2017,26,7.1,7.7,972,3.2,0.48,630,5400
3685,NAVALOORU LAKE,2017,26,6.1,7.6,830,4.4,0.86,630,5400
3686,NIRASAGARAKERE,2017,26,7,7.2,560,3,0.33,410,3500
3687,NUGGIKERE,2017,25,6.1,7.6,696,3.4,0.31,460,5400
3688,SUDANAKERE,2017,27,6.3,7.3,566,3.9,0.25,1500,16000
3689,SOMESHWARAKERE,2017,25,5.9,7.3,778,4.7,0.12,630,5400
3690,UNAKALKERE,2017,26,6.6,7.6,1213,3.6,0.69,1700,16000
3691,VIMANABHUTHIKERE,2017,25,5.9,7.2,90,2,0,4600,35000
3692,KUNDUVADAKERE,2017,25,5.6,7.1,120,2.3,0,4100,24000
3693,BHATHIKERE,2017,25,4.2,7.4,280,5,0,940,5400
3694,SHANTHISAGARKERE,2017,26,5.5,7.6,130,2.5,0,390,5400
3695,KONDAGGIKERE,2017,25,5.3,7.1,140,3,0,84,920
3696,AIANAKERE,2017,25,4,7.3,520,16,0,500,900
3697,MATTADAKERE,2017,24.5,2,7.7,350,5,0,350,900
1388,"ULSOOR LAKE TRAINING
CENTRE OF FISH BREEDING, KARN",2018,24.6,4.1,6.8,302,2,0.5,9,120
1446,"HEBALLA VALLEY LAKE AT D/S
ROAD BRIDGE NR. MANDYA,",2018,24,0.5,6.7,120,2.4,0.1,3300,24000
3582,HEBBAL LAKE,2018,20,0,5.7,983,4,0.4,1700,9200
3583,KUKKARAHALLI LAKE,2018,22,6.5,8.4,535,3,0.2,940,5400
3584,DALAVAI LAKE,2018,23,0,6.5,896,10.1,0.2,490,5400
3585,YENNEHOLE LAKE,2018,19,0,7.3,852,10.4,0.2,1100,9200
3586,LIMBHABUDI LAKE,2018,20,4,7.9,467,3,0.1,700,5400
3587,SHETTYKERE LAKE,2018,22,5,7.6,654,3,0.1,700,5400
3591,KEMPAMBUDHI LAKE,2018,24,5.5,6.9,421,3,0.5,480,3500
3592,YEDIYUR LAKE,2018,24,5,6.5,265,3,0.2,4000,35000
3593,"ULSOOR LAKE TRAINING
CENTRE OF FISH BREEDING, KARN",2018,27,5,7,320,3,0.5,790,9200
3601,KARIHOBANAHALLI LAKE,2018,25,0,7.2,1680,18,1.4,6300,54000
3602,BELLANDUR LAKE,2018,26,0,6.8,418,3,0.6,480,2400
3608,VARTHUR LAKE,2018,25,3.2,6.5,885,5,0.4,4600,34000
3610,TUBRAHALLI LAKE,2018,23,1.6,6.8,1072,4,0.9,480,3500
3611,KAIKONDANAHALLI LAKE,2018,26,2.8,6.5,657,4,0.7,4100,54000
3612,AGARAM LAKE,2018,26,1.3,6.5,525,2,0.5,700,5400
3613,GOTTEGRE LAKE,2018,28,2.3,6.1,456,4,0.7,11000,92000
3614,PUTTENAHALLI LAKE (S),2018,25.2,2.2,6.3,479,3,0.9,4100,35000
3615,ARAKERE LAKE,2018,25.4,0.9,6.5,707,4,1,460,3500
3616,KALENA AGRAHARA LAKE,2018,25.2,5.4,7,640,4,1.5,46000,540000
3617,HULIMAVU LAKE,2018,25.3,2.3,6.4,484,4,0.9,4100,24000
3618,SINGASANDRA LAKE,2018,26,1.5,6.5,66,3.6,0.7,3300,35000
3620,PARAPPANA AGRAHARA LAKE,2018,25,2.1,6.5,760,3,0.4,7900,54000
3621,HARALAKUNTE LAKE,2018,27,1.5,6.3,679,4,0.5,460,3500
3622,SOMASUNDRA PALYA LAKE,2018,26,0,6.6,777,6,0.8,1200,9200
3624,PUTTENAHALLI LAKE,2018,26,0,6.8,783,3,0.4,460,3500
3625,HEBBAL LAKE,2018,24,4.2,6,478,3,0.4,540,9200
3627,JAKKUR LAKE,2018,28,4,6.6,632,4,0.8,1200,9200
3628,AMRUTHAHALLI LAKE,2018,27,0.5,6.8,1003,5,0.6,630,5400
3644,MULBHAGAL LAKE,2018,22,1.2,7.2,1522,8,1,1100,16000
3645,DEVARAYASAMUDRA LAKE,2018,22,1.8,6.6,220,3,0.2,790,5400
3646,NARASAPURA LAKE,2018,20,2.8,6.8,315,2,0.4,460,3500
3647,HULEDANAHALLI LAKE,2018,23,2,7.1,207,4,0.4,1700,9200
3649,BUGUDANAHALLI LAKE,2018,22,5.6,6.2,122,3,0.1,790,9200
4094,"GANGONDANA HALLI LAKE,
BENGALURU NORTH",2018,23,0.4,6.6,1912,19,2,700,5400
4095,"CHIKKABANVARA LAKE,
CHIKKABANWARA, BENGALURU NORTH",2018,23,1.5,6.7,1529,4,1.2,1200,9200
4096,"ANDHRAHALLI LAKE,
ANDHRAHALLI, BENGALURU",2018,23,0.8,6.5,55,4,0.4,940,5400
4097,"KACHOHALLI LAKE, KACHOHALLI, BENGALURU
NORTH",2018,23,0.5,6.5,128,2,0.1,350,1600
3559,HULLIGE TANK,2018,20,6.6,6.8,229,2,0,6300,22000
3560,MAVENAKERE,2018,24,6,8.8,1455,12,0,580,2100
3561,HUNDIKERE (KOPPAL),2018,20,6.7,6.9,240,3,0,2,7
3565,PILIKULA TANK,2018,28,6.2,6.9,120,1,0.1,780,4300
3588,KARANJIKERE,2018,23,4.8,7.2,524,3,0.1,940,5400
3589,MADIWALA TANK,2018,25.3,1.5,6.9,496,5,0.8,230,3500
3590,LALBAGH TANK,2018,24.6,5.6,7,373,3,0.2,230,3500
3594,SANKEY TANK,2018,26,4.3,6.9,426,3,0.4,4600,54000
3595,BYRASANDRA TANK,2018,24.6,2.2,6.8,319,3,0.5,700,5400
3597,HESARAGHATTA TANK,2018,21,4.6,6.5,126,3,0.1,790,9200
3598,HEROHALLI TANK,2018,22,0.8,6.5,156,2,0.1,700,5400
3599,MADAVARA TANK,2018,22,0.5,6.5,525,6,0.4,79,9200
3600,SHIVAPURA TANK,2018,25,0,7.2,2120,24,1.8,1100,9200
3603,VENGAIHNAKERE,2018,20,3.2,6.5,936,3.9,0.5,840,9200
3604,DODDANAKUNDI TANK,2018,24,4.2,6.7,420,3,0.5,6300,54000
3605,YELLAMALLAPPA TANK,2018,22,3.8,6.6,1003,4,0.5,790,16000
3606,DASARAHALLI TANK,2018,22,0.5,6.6,496,3,0.4,700,5400
3619,BEGUR TANK,2018,26,3.4,6.8,654,4,0.9,4600,35000
3626,NAGAVARA TANK,2018,26,4,6.5,531,3,0.3,400,3500
3629,ALLASANDRA TANK,2018,25,4.4,6.5,619,4,0.3,460,3500
3630,YELAHANKA TANK,2018,28,4,6.6,630,3,0.8,120,920
3632,VEERAPURA TANK,2018,24,4,6.5,32,4,0.5,4600,35000
3634,DEVARAKERE TANK,2018,23.2,4.6,6.5,7,3,0,3300,35000
3635,MALATHAHALLI TANK,2018,24.3,2.1,6.7,1152,4,0.7,630,5400
3637,BYRAMANGALA TANK,2018,25,0.5,6.9,993,4,1,580,9200
3638,ANNAYAPPA TANK,2018,22,5.8,6.9,294,3,0.2,460,5400
3640,UTTARAHALLI DORAIKERE,2018,22.3,0,6.5,285,4,0.2,6300,54000
3641,DHOREKERE,2018,23,4.6,6.1,350,2,0.3,4300,35000
3643,BEENNIGANAHALLI TANK,2018,26,3.2,6.9,830,2.3,1.2,1400,9200
3648,MYDALA,2018,24,0.6,6.5,150,3,0.1,480,3500
3650,MELEKOTE,2018,23,1.1,6.5,400,3,0.6,4600,35000
3651,BHEEMSANDRA TANK,2018,22,0.5,6.7,355,3,0.8,2300,35000
3653,DODDAKERE TANK,2018,23,5,6.6,229,3,0.1,940,9200
3654,GOTTIGERE LAKE,2018,24,3.8,6.6,805,3,0.3,460,5400
3657,KAACHACHALLI KOPPALUKERE,2018,25,3,7.3,760,3,0.2,1200,9200
3659,MATHANA KERE,2018,24,3.2,7.2,610,3,0.2,460,5400
3660,HUNASINA KERE,2018,25,4.5,7.1,610,3,0.2,460,5400
3661,KOKKANAGHATTADODDAKERE,2018,25,4.9,7.8,670,3,0.2,460,3500
3663,JOLADAKATTE,2018,25,4.6,7.7,510,2,0.1,63,540
3664,BASAVANAHALLIKERE,2018,25,4.5,7.3,320,2,0.1,680,3900
3665,LINGAPPANAKATTE,2018,25,4.6,7.7,500,2,0.1,680,4300
3666,GANIGARAHOSAHALLIKERE,2018,25,4.8,7.4,410,2,0.1,920,7000
3667,SATHENAHALLIDODDAKERE,2018,25,4.2,7.2,580,2,0.1,340,2400
3668,SODHARAHALLIKERE,2018,25,5.5,7.2,360,2,0.1,320,2400
3669,SHELERAMANAHALLIKERE,2018,24,4.6,7.3,350,2,0.1,170,1100
3670,HAINARAKATTE,2018,25,4,7.1,310,2,0.1,270,2200
3671,HANUMANTHAPURAKATTE,2018,25,5.1,7.5,190,2,0.1,320,2200
3672,SANKALAPURAKERE,2018,25,5.2,6.8,210,2,0.1,320,1600
3673,HAVALIKERE,2018,25,4.6,7,290,2,0.1,140,920
3675,B KALEHALLIKERE,2018,25,5.4,7.4,430,2,0.1,260,1700
3677,SHARANABAWESHWARA KERE,2018,25,4.4,8.1,1112,7.8,0,210,1700
3679,BHUTANALA LAKE,2018,28,5.1,7.6,6,0.5,0.9,170,2100
3680,KILLA LAKE,2018,20,5.6,7.4,450,0.8,0.6,320,1700
3681,ANGOL MI TANL,2018,21,0,6.9,440,4.1,1.3,210,1300
3682,KAKATI POND,2018,21,5.1,8.4,2700,1.3,1.8,170,1100
3683,HEREKERE,2018,25,4.2,7,676,12.3,0.9,610,4600
3684,KELEGERE,2018,24,6.9,7.6,918,3.3,0.5,120,1100
3685,NAVALOORU LAKE,2018,23,6.1,7.8,806,4.7,1,140,920
3686,NIRASAGARAKERE,2018,23,7.2,7.8,466,2.4,0.3,110,940
3687,NUGGIKERE,2018,23,6.6,7.5,630,3.5,0.5,700,2800
3688,SUDANAKERE,2018,23,6.8,7.8,521,3.2,0.4,900,1600
3689,SOMESHWARAKERE,2018,23,6.2,7.5,686,4.8,1.2,900,1600
3690,UNAKALKERE,2018,23,6.5,7.7,1214,4.2,0.9,70,278
3691,VIMANABHUTHIKERE,2018,25,6.5,7.2,110,2.4,0,8,94
3692,KUNDUVADAKERE,2018,25,6.8,7.1,102,2.4,0,2,11
3693,BHATHIKERE,2018,25,4.2,6.8,190,4,0,5,39
1388,"ULSOOR LAKE TRAINING CENTRE OF FISH
BREEDING,",2019,23,1,6.7,380,3,0.63,5,109
1446,"HEBALLA VALLEY LAKE AT D/S ROAD BRIDGE
NR. MANDYA,",2019,24,1,7.6,386,3,1.24,2,27
3582,HEBBAL LAKE,2019,22,1.2,7.4,1250,4,2.8,13,130
3583,KUKKARAHALLI LAKE,2019,20,3.1,7.3,542,3,0.34,240,800
3584,DALAVAI LAKE,2019,20,BDL,7.4,746,10.4,2.8,600,900
3585,YENNEHOLE LAKE,2019,20,0,7.3,936,12,3.1,5000,7000
3586,LIMBHABUDI LAKE,2019,20,BDL,6.7,552,3.8,1.5,500,1400
3587,SHETTYKERE LAKE,2019,7.2,4,7.3,585,3,1.28,900,2200
3591,KEMPAMBUDHI LAKE,2019,26,0.6,6.6,395,4,0.45,50000,110000
3592,YEDIYUR LAKE,2019,24,3,6.4,190,3,0.47,5000,8000
3593,"ULSOOR LAKE TRAINING CENTRE OF FISH
BREEDING,",2019,24,2,6.2,387,3,0.6,2400,9200
3601,KARIHOBANAHALLI LAKE,2019,20,0.5,6.8,2,7,1,4,14
3602,BELLANDUR LAKE,2019,26,0.6,6.7,995,5,0.7,400,2400
3608,VARTHUR LAKE,2019,22,2.5,6.7,541,4,0.7,630,5400
3610,TUBRAHALLI LAKE,2019,23,2.1,6.6,704,7,0.9,4300,35000
3611,KAIKONDANAHALLI LAKE,2019,26,0.6,6.8,1304,4,0.9,790,9200
3612,AGARAM LAKE,2019,26,1.5,6.9,710,5,0.38,460,5400
3614,PUTTENAHALLI LAKE (S),2019,26,3.8,6.7,677,4,0.52,630,5400
3615,ARAKERE LAKE,2019,28,2.2,6.9,13,5,1.23,840,5400
3616,KALENA AGRAHARA LAKE,2019,28,6.2,7.7,436,3,2.74,1500,16000
3617,HULIMAVU LAKE,2019,26,1.7,6.7,687,4,1.12,940,5400
3618,SINGASANDRA LAKE,2019,26,2.8,6.8,800,6,0.6,1200,9200
3620,PARAPPANA AGRAHARA LAKE,2019,26,1,7,900,5,1.67,630,5400
3621,HARALAKUNTE LAKE,2019,27,1.3,6.8,839,7.8,1.2,410,1700
3624,PUTTENAHALLI LAKE,2019,24,3.2,6.5,591,3,0.18,1100,6300
3625,HEBBAL LAKE,2019,25,4,6.2,449,3,0.31,840,4300
3627,JAKKUR LAKE,2019,27,0.5,6.5,782,6,0.51,1100,7000
3628,AMRUTHAHALLI LAKE,2019,25,0.5,6.5,638,4,0.44,1700,6300
3644,MULBHAGAL LAKE,2019,22,BDL,7.1,2200,13,1.1,1100,5800
3645,DEVARAYASAMUDRA LAKE,2019,22,BDL,6.6,428,36,BDL,920,4100
3646,NARASAPURA LAKE,2019,23,2.5,7.8,654,4,BDL,2100,16000
3649,BUGUDANAHALLI LAKE,2019,21,4.4,6.5,120,2,0.02,700,5400
3654,GOTTIGERE LAKE,2019,22,1.4,6.5,689,6,0.27,480,1600
3679,BHUTANALA LAKE,2019,24,0.3,8,388,1.1,0,4600,35000
3680,KILLA LAKE,2019,22,6.4,7.3,260,1.1,0,700,5400
3685,NAVALOORU LAKE,2019,23,6.2,6.9,394,3.6,0.49,460,3500
4094,"GANGONDANA HALLI LAKE, BENGALURU
NORTH",2019,22,0.5,6.4,577,5,1.9,470,3500
4095,"CHIKKABANVARA LAKE, CHIKKABANWARA,
BENGALURU NORTH",2019,22,0.6,6.8,1150,7,0.36,4800,35000
4096,"ANDHRAHALLI LAKE, ANDHRAHALLI,
BENGALURU",2019,22,3,6.5,260,3,0.38,840,9200
4097,"KACHOHALLI LAKE, KACHOHALLI, BENGALURU
NORTH",2019,22,0.6,5.2,510,3,1.58,700,5400
4504,SARAKKI LAKE,2019,24,5.2,5.7,289,3,1,630,5400
4505,NELAMANGALA LAKE,2019,25,3,6.5,258,3,1.94,8400,92000
4507,CHELEKERE LAKE,2019,24,4,6.8,389,4,1.2,460,3500
4508,SINGAPURA LAKE,2019,23,0.6,6.6,786,6,2,480,5400
4509,NARASIPURA LAKE,2019,20,0.5,6.6,481,3,1.22,940,5400
4510,RACHENAHALLI LAKE,2019,24,0.2,6.5,820,5,1.6,460,3500
4533,ULLALU LAKE,2019,22.7,4.8,7.1,467,3,0.72,3100,35000
4534,SOMPURA LAKE,2019,23.4,4.9,7.7,604,1,0.8,630,9200
4535,GUBBALAL KERE,2019,22.3,1,6.7,834,3,1,2800,16000
4536,HOSAKEREHALLI LAKE,2019,24.3,1,6.4,453,3,0.5,460,5400
4537,CHINNAKURCHI KERE,2019,23.4,4.4,6.9,300,3,0.32,940,5400
4538,MACHOHALLI LAKE,2019,23,0.9,6.3,625,8,1.5,460,5400
4539,DODDABIDARAKALLU LAKE,2019,22,0.5,6.3,802,9,0.8,470,3500
4540,KAMMGONDANAHALLI LAKE,2019,22,0.5,6.5,392,3,2.7,940,9200
4543,KODI SINGASANDRA LAKE,2019,28,5.7,7.8,484,3,2.88,460,5400
4545,JUNGU KERE,2019,28,2.8,7.8,805,8.4,1.31,220,900
4546,JAKKSANDRA LAKE,2019,28,4.5,7.5,985,7.3,1.4,280,1600
4547,SWARANA KUNTE,2019,28,4,7.7,399,18,2,70,550
3559,HULLIGE TANK,2019,22,6.8,7.5,286,2.1,0,6300,54000
3560,MAVENAKERE TANK,2019,26,6.8,8.7,498,16,0.13,4800,35000
3561,HUNDIKERE (KOPPAL) TANK,2019,22,5.6,6.9,290,2.3,0,260,5400
3565,PILIKULA TANK,2019,28,6.2,6.8,140,3,0.1,700,5400
3588,KARANJIKERE TANK,2019,19,4,7.4,445,3,0.49,70,540
3589,MADIWALA TANK,2019,28,1.2,6.8,553,5,1.07,630,5400
3590,LALBAGH TANK,2019,26,4,7,355,3,0.72,410,3500
3594,SANKEY TANK,2019,26,1.5,7.1,411,3,0,700,5400
3595,BYRASANDRA TANK,2019,23,1.5,6.3,446,4,1.3,940,5400
3597,HESARAGHATTA TANK,2019,22,4.2,6.4,225,3,0.13,4600,35000
3598,HEROHALLI TANK,2019,22,0.5,6.6,351,0.6,0.5,460,5400
3599,MADAVARA TANK,2019,22,0.5,6.5,332,3,0.8,460,5400
3600,SHIVAPURA TANK,2019,20,0.5,6.6,1086,7,2,630,5400
3603,VENGAIHNAKERE,2019,21,2.1,6.6,703,4,1,4600,54000
3604,DODDANAKUNDI TANK,2019,26,2.7,7.3,1014,4,2,840,9200
3605,YELLAMALLAPPA TANK,2019,22,4.3,6.5,631,5,1.3,460,5400
3606,DASARAHALLI TANK,2019,22,0.3,6.5,285,2,0.3,460,3500
3607,KALKERE TANK,2019,25,2.5,6.8,728,4.8,1.6,2800,16000
3623,ANEKAL DODDAKERE TANK,2019,23,5.1,6.7,727,3,1.6,1400,9200
3626,NAGAVARA TANK,2019,24,3,6.5,480,3,0.48,8400,92000
3629,ALLASANDRA TANK,2019,25,0.6,7,516,3,0.56,4600,35000
3630,YELAHANKA TANK,2019,25,0.5,6.6,512,6,0,7000,54000
3632,VEERAPURA TANK,2019,24,1.8,6.2,315,3,0.04,36,148
3634,DEVARAKERE TANK,2019,23.7,3.2,6.5,358,3,0.1,13000,35000
3635,MALATHAHALLI TANK,2019,21.4,0.3,6.8,712,4,0.7,46,138
3637,BYRAMANGALA TANK,2019,25,1.6,6.9,708,6,0.7,11,14
3638,ANNAYAPPA TANK,2019,25,4,6.7,175,3,0.72,790,4000
3640,UTTARAHALLI DORAIKERE,2019,22.3,2.6,6.3,460,4,0.9,460,3500
3641,DHOREKERE TANK,2019,22.8,3.8,6.6,410,3,0.4,630,5400
3642,JIGANI TNAK,2019,24,4.8,6.8,627,3,1.2,630,5400
3643,BEENNIGANAHALLI TANK,2019,26,2.3,6.5,286,3,3.4,9400,92000
3648,MYDALA TANK,2019,22,5,6.5,164,3,0.02,3300,35000
3650,MELEKOTE TANK,2019,23,0.8,6.6,437,3,0.61,940,5400
3651,BHEEMSANDRA TANK,2019,22,0.5,6.4,560,3,0.85,4700,35000
3653,DODDAKERE TANK,2019,19,4.9,6.7,190,2,0.1,630,9200
3656,NALLIKATTE KERE TANK,2019,26,5,7,340,2,0.1,1200,9200
3657,KAACHACHALLI KOPPALUKERE TANK,2019,24,1.9,7.9,980,4,0.3,480,3500
3658,KALLAKATTE KERE TANK,2019,24,4.6,8,410,3,0.2,460,5400
3659,MATHANA KERE TANK,2019,24,1.2,7.2,610,4,0.2,380,3500
3660,HUNASINA KERE TANK,2019,25,5,7.1,350,2,0.1,2800,16000
3661,KOKKANAGHATTADODDAKERE TANK,2019,25,5,8.3,460,4,0.2,700,5400
3662,KAWSHIKAKERE TANK,2019,23,4.6,7.7,260,2,0.1,630,3500
3663,JOLADAKATTE TANK,2019,24,4.8,7.7,450,2,0.1,580,9200
3664,BASAVANAHALLIKERE TANK,2019,24,4.1,7.8,390,2,0.1,940,5400
3665,LINGAPPANAKATTE TANK,2019,24,4.4,7.8,470,2,0.2,700,5400
3666,GANIGARAHOSAHALLIKERE TANK,2019,24,4.5,7.8,250,2,0.1,940,9200
3667,SATHENAHALLIDODDAKERE TANK,2019,24,4.7,7.9,460,2,0.1,4300,35000
3668,SODHARAHALLIKERE TANK,2019,24,5.7,7.8,340,2,0.1,1400,9200
3669,SHELERAMANAHALLIKERE TANK,2019,25,5,7.4,350,2,0.1,1100,9200
3670,HAINARAKATTE TANK,2019,25,4.4,7.7,180,2,0.1,4700,35000
3671,HANUMANTHAPURAKATTE TANK,2019,25,4.9,7.5,340,2,0.1,630,5400
3672,SANKALAPURAKERE TANK,2019,25,4.9,7.6,210,2,0.1,1700,16000
3673,HAVALIKERE TANK,2019,24,3.4,7.6,440,2,0.1,12000,92000
3674,SATHAMANGALAKERE TANK,2019,24,5,7.4,180,2,0.1,630,5400
3675,B KALEHALLIKERE TANK,2019,25,4.6,6.8,200,2,0.1,2600,35000
3676,THAVENAHALLIKERE TANK,2019,24,5.2,7.4,210,2,0.1,940,5400
3677,SHARANABAWESHWARA KERE TANK,2019,27,0,8.4,1202,7,0,410,3500
3681,ANGOL MI TANK,2019,21,0,6.7,264,4,0,320,2800
3682,KAKATI POND,2019,21,3,8,581,1.3,0,240,3300
3683,HEREKERE TANK,2019,23,4.2,7.2,880,7.2,1.13,320,2800
3684,KELEGERE TANK,2019,23,7.1,7.3,310,3.2,0.43,920,9200
3686,NIRASAGARAKERE TANK,2019,23,7.2,7.2,210,2.4,0.19,390,3500
3687,NUGGIKERE TANK,2019,23,6.6,7.2,340,3.3,0.29,220,2200
3688,SUDANAKERE TANK,2019,23,6.4,7.4,630,0.8,0.52,93,1100
3689,SOMESHWARAKERE TANK,2019,23,6.1,7.2,670,3.8,0.72,110,1300
3690,UNAKALKERE TANK,2019,23,6.6,7.1,410,3.6,0.47,240,2200
3691,VIMANABHUTHIKERE TANK,2019,26,6.5,6.9,12,2.1,BDL,120,2100
3692,KUNDUVADAKERE TANK,2019,26,5.3,7.4,150,2.4,0,170,1200
3693,BHATHIKERE TANK,2019,26,4.8,6.7,200,2.4,BDL,140,1700
3694,SHANTHISAGARKERE TANK,2019,26,6.3,6.9,171,2.6,0,170,2100
3695,KONDAGGIKERE TANK,2019,26,5.9,6.6,200,2.4,0,110,1500
3696,AIANAKERE TANK,2019,26,4.3,6.8,1040,18,0.3,130,920
3697,MATTADAKERE TANK,2019,28,4,7.2,256,5,0,120,1700
4092,"MANCHALAPUR TANK, MANCHALAPUR,
RAICHUR TQ & DIST",2019,26,5.4,9.1,3170,9,0.1,70,920
4498,"SANAVALLI DAM, MUNGOD",2019,24,6.9,6.8,109,2.3,0.16,170,2100
4501,MANCHANABALE DAM,2019,26,2.8,7.1,902,5,1.8,94,920
4502,RAMAMMANA KERE,2019,26,3.2,6.9,713,4,1.7,92,940
4503,MADHURE TANK,2019,25,1.8,6,170,BDL,0.74,140,1300
4512,MANCHANABALE DAM,2019,23,0.5,6.4,740,32,3.4,790,2400
4513,RAMAMMANA KERE,2019,22,4.3,6.9,640,3,0.77,900,1600
4530,KAMMASANDRA TANK,2019,21,0.5,6.6,1508,5,3.83,280,1600
4531,RAYASANDRA LAKE,2019,20,0.6,6.5,1115,5,7,130,849
4532,CHANDAPURA LAKE,2019,20,1.6,6.6,1500,4,7,50,275
3582,HEBBAL LAKE,2020,20,0.3,7.4,1076,9,0.83,13,45
3583,KUKKARAHALLI LAKE,2020,21,6,7.9,512,2.8,1,35,170
3584,DALAVAI LAKE,2020,21,0.5,7.3,722,7.4,1.9,25,140
3585,YENNEHOLE LAKE,2020,19,0.3,7.4,919,9.6,2.1,35,197
3586,LIMBHABUDI LAKE,2020,20,4.5,7.5,612,3.5,3.4,35,1405
3587,SHETTYKERE LAKE,2020,20,5.2,7.5,494,3,1.2,170,500
3591,KEMPAMBUDHI LAKE,2020,24,4.1,6.6,397,3.4,0.01,220,500
3592,YEDIYUR LAKE,2020,24,4,7.3,250,3,0.31,5000,7000
3593,ULSOOR LAKE TEMPLE,2020,25,3.5,7,320,3,0.9,500,900
3601,KARIHOBANAHALLI LAKE,2020,23,0.9,6.5,992,6,1,500,2200
3602,BELLANDUR LAKE,2020,25,0.3,6.5,554,0.5,1.61,22000,5000
3608,VARTHUR LAKE,2020,25,0.3,6.5,880,3,1.85,1700,3500
3609,IBBALUR LAKE,2020,25,0.5,6.6,328,3.5,0.51,,
3610,TUBRAHALLI LAKE,2020,24,0.5,6.8,1250,6,1.2,17,140
3611,KAIKONDANAHALLI LAKE,2020,25,3.4,6.9,702,3,0.6,330,3500
3612,AGARAM LAKE,2020,25,3.7,6.8,814,3.4,0.72,340,3500
3613,GOTTIGERE LAKE,2020,25,6.1,6.5,1101,4,1.9,84,920
3614,PUTTENAHALLI LAKE (S),2020,25,3.8,6.7,688,2.7,0.65,7000,54000
3615,ARAKERE LAKE,2020,25,2.6,6.5,720,3,1.2,1700,16000
3616,KALENA AGRAHARA LAKE,2020,25,3.4,6.6,682,3.1,0.64,460,3500
3617,HULIMAVU LAKE,2020,25,4,6.5,370,2.6,1,7000,54000
3618,SINGASANDRA LAKE,2020,25,4.1,6.4,378,2.6,0.7,700,5400
3620,PARAPPANA AGRAHARA LAKE,2020,25,1,6.4,641,3,1.06,110,920
3621,HARALAKUNTE LAKE,2020,25,0.3,6.7,510,3.4,0.71,380,1700
3624,PUTTENAHALLI LAKE,2020,25,3.8,5.3,575,3,0.84,1100,5800
3625,HEBBAL LAKE,2020,25,2.4,6,178,2,0.4,910,3800
3627,JAKKUR LAKE,2020,25,2.3,6.4,702,7,0.9,1400,6300
3628,AMRUTHAHALLI LAKE,2020,25,3,6.4,266,3,0.46,1700,6300
3644,MULBHAGAL LAKE,2020,25,5.3,6.9,1264,7,2.4,920,3500
3645,DEVARAYASAMUDRA LAKE,2020,25,6.3,6.6,182,4,0.46,920,3400
3646,NARASAPURA LAKE,2020,23,3.4,7.4,685,3,1.4,33,130
3649,BUGUDANAHALLI LAKE,2020,18,4.5,6.1,135,2,0.12,490,3500
3654,GOTTIGERE LAKE,2020,25,0.5,5.5,340,6,0.86,110,920
3679,BHUTANALA LAKE,2020,24,6.1,8.1,386,1.1,0.61,47000,540000
3680,KILLA LAKE,2020,22,6.3,7.7,316,1,0.52,70000,1600000
3685,NAVALOORU LAKE,2020,24,6.5,7.4,525,3.3,0.69,27000,240000
4094,"GANGONDANA HALLI LAKE,",2020,24,0.2,5.7,243,4,0.87,460,5400
4095,CHIKKABANVARA LAKE,2020,25,0.6,6,419,3.3,1.4,330,5400
4096,ANDHRAHALLI LAKE,2020,24,0.1,6.5,306,4,0.72,330,3500
4097,"KACHOHALLI LAKE,",2020,24,0.5,6.7,1204,2,1.3,840,17000
4504,SARAKKI LAKE,2020,24,3.5,6.6,329,3,0.34,430,5400
4505,NELAMANGALA LAKE,2020,25,4,6.2,121,3,0.33,6300,15000
4506,ABBIGERE LAKE,2020,24,0.4,6.5,425,5,0.8,33000,130000
4507,CHELEKERE LAKE,2020,25,3.2,6.1,267,2,0.48,2200,14000
4508,SINGAPURA LAKE,2020,25,0.5,6.4,594,3,1.2,460,3200
4509,NARASIPURA LAKE,2020,24,4,6,267,2,0.68,7900,28000
4510,RACHENAHALLI LAKE,2020,25,2.1,6.6,729,4,0.77,1400,9200
4514,SADRAMANGALA LAKE,2020,25,3.4,6.1,577,4,0.03,4900,35000
4515,BATTARAHALLI LAKE,2020,25,2.4,6.6,757,5,0.9,3300,24000
4516,KUNDALAHALLI LAKE,2020,24,4.2,7.1,882,3,0.03,1400,7000
4517,KOWDHENAHALLI LAKE,2020,25,3.2,6.1,287,3,1.2,400,3480
4518,GARUDACHARPALYA LAKE,2020,25,2,6.4,470,4,0.48,790,5400
4519,RAMPURA LAKE,2020,25,0.3,6.1,528,6.6,0.91,330,3500
4520,CHINNAPANHALLI LAKE,2020,24,0.5,7,729,6,1.5,170,1090
4521,DEVARABEESANAHALLI LAKE,2020,25,2.8,6.6,680,3.2,0.13,8,5400
4523,NALLURAHALLI LAKE,2020,29,1.4,7.2,1176,10,4,490,3480
4524,PATTANDUR AGARAHARA,2020,24,1,6.7,445,4,0.7,330,3500
4525,SEETHARAM PALYA LAKE,2020,24,1,6.7,1082,9,0.19,400,3500
4529,KASAVANAHALLI LAKE,2020,25,3.6,6.8,738,3,1.15,330,3500
4533,ULLALU LAKE,2020,23,2.4,6.9,917,4,2.61,31,540
4534,SOMPURA LAKE,2020,25,4.7,6.3,268,2,0.3,340,5400
4535,GUBBALAL KERE,2020,25,0.6,6.7,1073,4,3,30,122
4536,HOSAKEREHALLI LAKE,2020,20,2.4,6.3,380,3,1.09,2500,8000
4537,CHINNAKURCHI KERE,2020,24,5,6.5,248,3,0.61,26,112
4538,MACHOHALLI LAKE,2020,23,1,6,607,2,1.11,2,2
4539,DODDABIDARAKALLU LAKE,2020,24,0.1,6.5,294,3,1.39,780,4300
4540,KAMMGONDANAHALLI LAKE,2020,24,1,6.1,313,3.6,2,400,3500
4542,BASAVANAPURA LAKE,2020,25,1.9,6.8,600,4,0.97,110,1090
4543,KODI SINGASANDRA LAKE,2020,25,3.8,6.7,337,3.4,0.68,330,1600
4544,KOTHUNURU LAKE,2020,25,2.6,6.7,332,4.2,0.47,4600,35000
4545,JUNGU KERE,2020,28,3.5,7.3,868,4,3,480,3500
4546,JAKKSANDRA LAKE,2020,25,1,6.8,625,4,0.67,330,5400
4547,SWARANA KUNTE,2020,25,4.1,7,660,4,0.78,210,350
3559,HULLIGE TANK,2020,20,6.8,7.1,260,3,0.1,310,3500
3560,MAVENAKERE TANK,2020,24,3.8,8.6,810,16,0.1,3300,35000
3561,HUNDIKERE (KOPPAL) TANK,2020,20,6.8,7.5,278,4,0.1,480,3500
3565,PILIKULA TANK,2020,27,5.3,6.6,128,2,0.08,1400,54000
3588,KARANJIKERE TANK,2020,21,4.5,7.2,552,3,1.5,220,1200
3589,MADIWALA TANK,2020,25,4.5,6.5,487,3,0.83,2200,17800
3590,LALBAGH TANK,2020,24,4,6.9,399,4,0.12,330,2210
3594,SANKEY TANK,2020,25,3.6,6.5,357,3,0.18,2100,7900
3595,BYRASANDRA TANK,2020,25,0.5,6,426,4,0.58,270,2400
3596,NAYANDANAHALLI TANK,2020,22,4,5.6,187,3,0.41,460,5400
3597,HESARAGHATTA TANK,2020,24,0.9,6.3,76,2,0.82,330,2210
3598,HEROHALLI TANK,2020,23,2.5,6.7,124,4,1.15,3100,35000
3599,MADAVARA TANK,2020,23,3,6.2,525,4,1,790,5400
3600,SHIVAPURA TANK,2020,22,0.5,6.5,1114,6,2.42,1700,5400
3603,VENGAIHNAKERE,2020,25,0.5,6.6,277,4,1.66,210,1100
3604,DODDANAKUNDI TANK,2020,25,4.6,6.2,714,5,1.1,170,2400
3605,YELLAMALLAPPA TANK,2020,25,0.5,6.3,637,4,1.4,46000,350000
3606,DASARAHALLI TANK,2020,24,0.6,6.4,243,3,0.73,330,1720
3607,KALKERE TANK,2020,25,0.5,6,525,4,0.83,940,9200
3619,BEGUR TANK,2020,25,2,6.5,726,3,0.6,310,9200
3623,ANEKAL DODDAKERE TANK,2020,25,3.3,6.5,351,2,1.1,330,3480
3626,NAGAVARA TANK,2020,25,2.1,6.4,267,3,0.8,460,5420
3629,ALLASANDRA TANK,2020,25,3,7,474,4,1,240,2400
3630,YELAHANKA TANK,2020,25,0.5,5.9,428,2,1.22,920,9400
3632,VEERAPURA TANK,2020,24,0.5,6.3,262,4,0.9,680,7000
3633,SUBRAMANYAPURA TANK,2020,25,3.8,6.4,920,4,1.4,170,1700
3634,DEVARAKERE TANK,2020,24,3.5,6.5,261,2.6,0.61,68,700
3635,MALATHAHALLI TANK,2020,20,0.3,6.6,912,5,2.1,78,940
3636,BANDEMATTA TANK,2020,24,0.5,6.5,670,4,2,93,940
3637,BYRAMANGALA TANK,2020,25,0.9,6.5,850,4,0.32,140,1400
3638,ANNAYAPPA TANK,2020,24,4.3,6.5,225,3,0.02,110,1200
3639,KENGERI TANK,2020,24,2.8,6.5,314,3.2,0.65,78,1100
3640,UTTARAHALLI DORAIKERE,2020,25,2.5,6.7,165,5,0.5,93,1300
3641,DHOREKERE TANK,2020,24,0.5,6.5,402,4,0.19,94,1600
3642,JIGANI TNAK,2020,25,3.6,6.3,393,3,1,140,1300
3643,BEENNIGANAHALLI TANK,2020,24,0.8,6.6,302,3,1,92,940
3648,MYDALA TANK,2020,25,3.2,6.6,133,2,0.29,61,940
3650,MELEKOTE TANK,2020,20,1,6.5,519,4,0.49,93,1300
3651,BHEEMSANDRA TANK,2020,19,1,6.8,926,6.1,1,1200,4500
3653,DODDAKERE TANK,2020,24,4.5,6.2,136,2,0.32,220,1600
3656,NALLIKATTE KERE TANK,2020,27,4.6,7.7,510,3,0.2,1800,3200
3657,KANCHANAHALLI KOPPALU,2020,24,3.6,8,1410,4,0.7,1800,3200
3659,MAKANA KERE,2020,24,2.8,7.3,580,3.6,0.13,560,1600
3660,HUNASINA KERE TANK,2020,24,4.9,7.5,430,1.8,0.14,350,900
3661,KOKKANAGHATTADODDAKERE,2020,24,4.7,7.7,470,3,0.32,80,550
3662,KOUSHIKA KERE,2020,23,5.3,7.7,390,2,0.13,130,550
3663,JOLADAKATTE TANK,2020,23,4.8,7.7,450,2,0.14,50,110
3664,BASAVANAHALLIKERE TANK,2020,24,4.5,7.7,390,2.2,0.2,70,275
3665,LINGAPPANAKATTE TANK,2020,23,5.1,7.8,450,2.2,0.17,130,900
3666,GANIGARAHOSAHALLIKERE,2020,24,4.9,7.8,410,2,0.1,225,1600
3667,SATHENAHALLIDODDAKERE,2020,24,4.8,7.8,500,2,0.2,170,900
3668,SOUDRALLI KERE,2020,23,5,7.5,440,2,0.1,70,300
3669,PEREMINAHALLI KERE,2020,24,4.9,7.6,400,2,0.1,110,500
3670,INORKATTE KERE,2020,24,4.2,7.5,340,1.8,0.13,1700,3500
3671,HANUMANTHAPURAKATTE,2020,24,5.2,7.5,380,2,0.17,330,1090
3672,SANKALAPURAKERE TANK,2020,25,4.8,7.5,410,2,0.18,330,2100
3673,AVALI KERE,2020,24,3,7.6,1280,4,0.8,1100,4700
3674,SATHYAMANGALA KERE,2020,24,5.2,7.6,340,2,0.1,920,4600
3675,B KATIHALLI KERE,2020,24,5.1,7.5,280,2,0.16,1700,6300
3676,GAVENAHALLIKERE,2020,23,4.9,7.6,280,2,0.1,1700,6300
3677,SHARANABAWESHWARA KERE,2020,26,6.8,7.5,938,4.5,0.1,930,4700
3681,ANGOL MI TANK,2020,21,0.3,6.8,394,3.4,0.72,920,4600
3682,KAKATI POND,2020,21,4.9,8.4,760,1.5,0.81,210,1720
3683,HEREKERE TANK,2020,23,5.2,6.9,806,4.5,1.17,790,3480
3684,KELEGERE TANK,2020,23,7.1,7.4,358,3.1,0.44,270,1090
3686,NIRASAGARAKERE TANK,2020,24,7.2,7.6,301,2.1,0.27,11000,109000
3687,NUGGIKERE TANK,2020,24,6.8,7.3,554,3.2,0.42,70000,141000
3688,SUDANAKERE TANK,2020,23,6.8,7.2,650,3.2,0.47,79000,348000
3689,SOMESHWARAKERE TANK,2020,23,6.6,7.2,693,3.4,0.13,2200,14100
3690,UNAKALKERE TANK,2020,24,7.1,7.4,809,3.5,0.75,330,3480
3691,VIMANABHUTHIKERE TANK,2020,26,6.7,7,110,1.8,0.3,490,3480
3692,KUNDUVADAKERE TANK,2020,25,4,7.2,120,2,0.3,2700,14100
3693,BHATHIKERE TANK,2020,27,5.2,6.9,320,3.4,0.3,2700,34800
3694,SHANTHISAGARKERE TANK,2020,26,6.8,7.1,152,2.4,0.3,1400,17200
3695,KONDAGGIKERE TANK,2020,27,4.1,7,182,2.8,0.3,3300,10900
3696,AIANAKERE TANK,2020,25,2.2,8.2,1020,4.6,0.3,1100,17200
3697,MATTADAKERE TANK,2020,25,3.9,7.1,530,4.8,0.3,1400,5420
4092,"MANCHALAPUR TANK,",2020,25,6.5,7.5,978,9,0.1,700,2210
4498,"SANAVALLI DAM, MUNGOD",2020,24,7.1,6.7,128,2.3,0.21,270,2210
4501,MANCHANABALE DAM,2020,25,3.2,7,842,4,0.29,3300,10900
4502,RAMAMMANA KERE,2020,25,0.9,7.1,898,6,0.62,21000,120000
4503,MADHURE TANK,2020,24,0.1,6.4,187,2.3,0.5,1700,10900
4512,MANCHANABALE DAM,2020,25,0.3,6.5,161,4,0.76,1700,7900
4513,RAMAMMANA KERE,2020,24,0.6,6.3,301,3,0.66,110,1200
4526,DYAVASANDRA TANK,2020,25,2.9,6.5,414,3.5,0.9,220,3480
4530,KAMMASANDRA TANK,2020,20,0.3,6.8,637,8,2.72,790,3480
4531,RAYASANDRA LAKE,2020,20,4.1,6.7,757,4,0.34,490,3480
4532,CHANDAPURA LAKE,2020,21,0.5,6.8,749,7,2.16,170,1090
4541,ALUR KERE,2020,25,0.5,6.1,76,4,1,240,900
3612,AGARAM LAKE,2021,25,1.9,6.5,324,4,1.5,1000,3200
3628,AMRUTHAHALLI LAKE,2021,25,4.2,6.6,449,3,0.3,240,900
4096,"ANDHRAHALLI LAKE, ANDHRAHALLI,",2021,25,0.3,6.3,358,4,0.3,2,5
3615,ARAKERE LAKE,2021,25,4.6,6.8,706,3.7,1.4,700,4000
4542,BASAVANAPURA LAKE,2021,25,4.4,6.5,209,4,0.7,1400,13000
4515,BATTARAHALLI LAKE,2021,25,3.2,7.1,706,4,0.4,490,2400
3602,BELLANDUR LAKE,2021,25,0.3,6.5,1035,18,1.1,2600,10900
3679,BHUTANALA LAKE,2021,24,0.3,7.6,708,1,0.32,330,700
3649,BUGUDANAHALLI LAKE,2021,25,5.7,6.5,141,3,0.4,3300,27800
4507,CHELEKERE LAKE,2021,25,4,6.5,297,3,0.6,2200,10900
4095,"CHIKKABANVARA LAKE,",2021,25,1,6.5,225,4,0.36,230,5420
4537,CHINNAKURCHI KERE,2021,25,4.8,6.5,208,2,0.3,330,1410
4520,CHINNAPANHALLI LAKE,2021,25,2.1,6.5,671,6,1.5,17000,12000
3584,DALAVAI LAKE,2021,21,0.3,7.1,725,8,2.1,11000,79000
4521,DEVARABEESANAHALLI LAKE,2021,21,2.1,6.5,425,3,1.1,10900,13000
3645,DEVARAYASAMUDRA LAKE,2021,25,3.4,6.1,185,3,0.3,330,790
4539,DODDABIDARAKALLU LAKE,2021,25,0.3,6.3,974,9,1.2,2100,9400
4094,"GANGONDANA HALLI LAKE, BENGALURU",2021,25,0.3,6,359,5,0.7,790,3480
4518,GARUDACHARPALYA LAKE,2021,25,4,6.5,325,4,0.5,260,22000
3613,GOTTIGERE LAKE,2021,25,2,6.4,221,4,0.6,490,790
3654,GOTTIGERE LAKE,2021,25,2.1,6.1,240,3,0.3,1700,7900
4535,GUBBALAL KERE,2021,25,4.8,6.5,247,3,0.4,170,5420
3621,HARALAKUNTE LAKE,2021,25,1.2,6.5,812,4,0.8,49000,79000
1446,HEBALLA VALLEY LAKE AT D/S ROAD,2021,22,5.2,7.5,386,3.5,1.8,17000,109000
3582,HEBBAL LAKE,2021,19,4.4,7.5,986,3.5,2.3,26000,172000
3625,HEBBAL LAKE,2021,25,3.2,6.4,303,3,0.9,40000,278000
4536,HOSAKEREHALLI LAKE,2021,25,0.3,6.5,550,5,0.7,220,1300
3617,HULIMAVU LAKE,2021,25,3.1,6.9,217,3,1,140,1090
3609,IBBALUR LAKE,2021,25,2,6.5,206,4,0.5,1100,7900
4546,JAKKSANDRA LAKE,2021,25,1,6.5,521,3,1,270,5420
3627,JAKKUR LAKE,2021,25,2.8,6.5,447,3,1.27,1100,7900
4097,"KACHOHALLI LAKE, KACHOHALLI,",2021,25,0.3,6.3,286,6,0.6,1400,10900
3611,KAIKONDANAHALLI LAKE,2021,25,0.3,6.6,629,3,0.93,490,790
3616,KALENA AGRAHARA LAKE,2021,25,4.1,6.5,424,3,1,210,2400
4540,KAMMGONDANAHALLI LAKE,2021,25,2.3,6.5,180,3,0.3,390,2100
3601,KARIHOBANAHALLI LAKE,2021,25,0.3,6.5,827,3,1.7,940,2800
4529,KASAVANAHALLI LAKE,2021,25,4.6,6.7,210,4,1,270,2800
3591,KEMPAMBUDHI LAKE,2021,25,4.3,6.5,299,3,0.88,270,2200
3680,KILLA LAKE,2021,21,4.6,7,332,1.3,0.3,210,2200
4543,KODI SINGASANDRA LAKE,2021,25,2.7,6.5,488,3,0.3,240,900
4544,KOTHUNURU LAKE,2021,25,3,6.6,369,4,0.5,110,170
4517,KOWDHENAHALLI LAKE,2021,25,0.3,6.5,313,5,0.3,900,1600
3583,KUKKARAHALLI LAKE,2021,21,5,7.1,495,2.7,1,1800,3200
4516,KUNDALAHALLI LAKE,2021,25,3,6.8,725,4,0.81,560,1600
3586,LIMBHABUDI LAKE,2021,20,4.6,7.3,564,3.5,1.5,275,1800
4538,MACHOHALLI LAKE,2021,25,0.3,6.3,385,3,0.6,70,175
3644,MULBHAGAL LAKE,2021,25,1.2,6.8,647,4,1.1,20,110
4523,NALLURAHALLI LAKE,2021,24,3.6,6.5,374,3,1.2,17,80
3646,NARASAPURA LAKE,2021,25,4.1,6.9,543,3,0.3,50,140
4509,NARASIPURA LAKE,2021,25,1.1,6.5,304,3,0.44,25,140
3685,NAVALOORU LAKE,2021,24,6.5,7.4,810,3.4,0.92,130,550
4505,NELAMANGALA LAKE,2021,25,0.8,6.5,422,4,1.22,110,350
3620,PARAPPANA AGRAHARA LAKE,2021,25,1.8,6.5,207,5,0.3,50,140
4524,PATTANDUR AGARAHARA,2021,25,0.3,6.5,346,4,0.5,60,170
3624,PUTTENAHALLI LAKE,2021,25,3,6.6,459,3,1.1,1200,3400
3614,PUTTENAHALLI LAKE (S),2021,25,4.7,6.9,290,3,1.1,460,1400
4510,RACHENAHALLI LAKE,2021,25,3.1,6.6,413,4,0.47,800,2400
4519,RAMPURA LAKE,2021,25,0.3,6.6,1023,9,0.9,44000,90000
4514,SADRAMANGALA LAKE,2021,24,1.5,6.5,552,4,1.4,1100,3000
4504,SARAKKI LAKE,2021,25,4.9,6.9,415,3,0.3,33000,70000
4525,SEETHARAM PALYA LAKE,2021,25,0.3,7.1,512,4,2.09,1100,2700
3587,SHETTYKERE LAKE,2021,20,4.3,6.9,583,3,1.8,1100,4700
4508,SINGAPURA LAKE,2021,25,0.3,6.5,886,5,0.3,920,4600
3618,SINGASANDRA LAKE,2021,25,1.1,6.5,562,4,0.5,1300,6300
3622,SOMASUNDRA PALYA LAKE,2021,25,2.8,6.6,216,3.4,0.5,1100,5800
4534,SOMPURA LAKE,2021,25,4.2,7,239,2,0.6,920,4600
4547,SWARANA KUNTE,2021,25,4.2,6.5,444,3,0.5,920,3800
3610,TUBRAHALLI LAKE,2021,25,0.3,6.7,1109,7,0.4,1720,3480
4533,ULLALU LAKE,2021,25,2,6.5,369,3,0.58,7000,14800
3593,ULSOOR LAKE TEMPLE,2021,25,1.8,6.6,254,3,0.3,14100,10900
1388,ULSOOR LAKE TRAINING CENTRE OF FISH,2021,25,2,6.8,253,3,0.67,70000,500000
3608,VARTHUR LAKE,2021,25,0.3,6.5,798,6,1,79000,300000
4527,WHITEFIELD KERE,2021,24,0.3,6.6,496,4,0.3,79000,200000
3592,YEDIYUR LAKE,2021,25,4.1,6.5,201,3,0.6,33000,70000
3585,YENNEHOLE LAKE,2021,21,1,7,742,1.4,2.5,33000,94000
3696,AIANAKERE TANK,2021,23,3.1,8,654,4,0.3,7900,34800
3629,ALLASANDRA TANK,2021,25,4,6.5,421,4,0.9,49000,54200
4541,ALUR KERE,2021,25,4.2,6.5,89,3,0.3,23000,79000
3623,ANEKAL DODDAKERE TANK,2021,25,0.3,6.6,414,2,0.72,2200,27800
3681,ANGOL MI TANK,2021,21,0.3,6.6,293,3.7,0.32,14100,34500
3638,ANNAYAPPA TANK,2021,25,4,6.5,173,3,0.3,70000,500000
3673,AVALI KERE,2021,21,3,7.3,980,3.8,0.7,4900,17200
3675,B KATIHALLI KERE,2021,21,5.4,7.4,290,2,0.3,63000,200000
3636,BANDEMATTA TANK,2021,25,3,6.5,196,5,0.4,4600,17500
3664,BASAVANAHALLIKERE TANK,2021,25,5.9,7.7,500,2,0.3,10900,34500
3643,BEENNIGANAHALLI TANK,2021,25,0.5,6.6,304,3,0.73,33000,100000
3619,BEGUR TANK,2021,25,4.1,6.4,426,3,0.7,13000,34800
3693,BHATHIKERE TANK,2021,26,0.5,7.1,260,3,0.3,270,1300
3651,BHEEMSANDRA TANK,2021,25,1,6.7,740,4,2,330,1720
3637,BYRAMANGALA TANK,2021,25,2.2,6.8,821,4,0.81,330,790
3595,BYRASANDRA TANK,2021,25,3.2,6.5,274,3,0.94,630,2800
4532,CHANDAPURA LAKE,2021,25,0.3,6.7,1099,6,1,940,2400
3606,DASARAHALLI TANK,2021,25,2.9,6.1,194,2,0.51,390,2100
3634,DEVARAKERE TANK,2021,25,3,6.5,271,3,0.3,350,1600
3641,DHOREKERE TANK,2021,25,0.3,6.5,237,3.8,0.7,330,1600
3653,DODDAKERE TANK,2021,25,4.8,6.5,155,3,0.3,140,500
3604,DODDANAKUNDI TANK,2021,25,3.3,6.5,574,4,1.1,500,1600
4526,DYAVASANDRA TANK,2021,25,4,6.3,236,2,0.6,220,500
3666,GANIGARAHOSAHALLIKERE TANK,2021,21,4.6,7.6,460,2,0.3,7,13
3676,GAVENAHALLIKERE,2021,20,5.6,7.4,330,2,0.3,920,3300
3671,HANUMANTHAPURAKATTE TANK,2021,22,4.2,7.5,390,2.2,0.3,2700,34500
3683,HEREKERE TANK,2021,24,4.5,7.4,739,9,1.22,490,2400
3598,HEROHALLI TANK,2021,25,0.3,6.2,321,4,0.3,33000,63000
3597,HESARAGHATTA TANK,2021,25,4.8,5.4,123,2,0.3,3300,4900
3559,HULLIGE TANK,2021,24,6.9,7.4,312,2.5,0.3,11000,100000
3660,HUNASINA KERE TANK,2021,21,5.3,7.3,440,2,0.3,2600,34800
3561,HUNDIKERE (KOPPAL) TANK,2021,24,7,7.5,326,3,0.3,11000,34800
3670,INORKATTE KERE,2021,23,4.6,7.3,320,2,0.3,10900,27800
3642,JIGANI TNAK,2021,23,4.8,6.5,394,2,1,49000,300000
3663,JOLADAKATTE TANK,2021,21,4.2,7.7,390,2.1,0.3,11000,200000
3682,KAKATI POND,2021,21,4,8.4,1180,1.1,0.4,70000,200000
3607,KALKERE TANK,2021,25,1.8,6.5,393,4,0.4,10900,13000
4530,KAMMASANDRA TANK,2021,25,0.3,6.7,1237,9,1.8,79000,200000
3657,KANCHANAHALLI KOPPALU KERE,2021,21,2.4,7.3,990,3.4,0.5,10900,34800
3588,KARANJIKERE TANK,2021,19,6,7.4,496,2.5,1.5,33000,100000
3684,KELEGERE TANK,2021,23,6.7,7.5,447,3.2,0.62,7000,27800
3639,KENGERI TANK,2021,25,1.3,6.5,289,3,0.59,1300,34800
4511,KOGILU KERE,2021,25,3.1,6.5,407,3,0.4,7000,34800
3661,KOKKANAGHATTADODDAKERE TANK,2021,22,3.6,7.7,500,2.6,0.3,10900,54200
3695,KONDAGGIKERE TANK,2021,26,5.8,7.6,220,2.2,0.3,7900,13000
3662,KOUSHIKA KERE,2021,21,5.7,7.3,450,1.8,0.3,34000,100000
3692,KUNDUVADAKERE TANK,2021,27,6.9,8,330,2.3,1.1,4900,34800
3590,LALBAGH TANK,2021,25,2.6,6.6,397,3,0.61,4600,17500
3665,LINGAPPANAKATTE TANK,2021,21,5,7.5,370,2,0.3,70000,200000
3599,MADAVARA TANK,2021,25,3.4,6.2,213,2,0.56,10900,94000
4503,MADHURE TANK,2021,25,3.4,6.5,64,3,0.3,7000,22100
3589,MADIWALA TANK,2021,25,4.2,6.7,286,3,1.03,23000,13000
3659,MAKANA KERE,2021,21,1.9,7.3,740,3.8,0.7,330,790
3635,MALATHAHALLI TANK,2021,25,0.3,6.3,375,4,1.6,13000,34800
4092,"MANCHALAPUR TANK, MANCHALAPUR,",2021,26,6.5,7.8,922,6,0.3,410,2400
4501,MANCHANABALE DAM,2021,25,3.3,6.6,643,4,0.3,170,1100
4512,MANCHANABALE DAM,2021,25,0.3,6.5,183,8,0.8,350,210
3697,MATTADAKERE TANK,2021,24,4.2,7.2,770,5,0.3,490,2400
3560,MAVENAKERE TANK,2021,26,6.5,7.5,962,7,0.3,430,1600
3650,MELEKOTE TANK,2021,25,1.1,6.6,704,3,1,310,2100
3648,MYDALA TANK,2021,25,4.8,6.5,151,3,0.52,220,1600
3626,NAGAVARA TANK,2021,25,1,6.5,308,3,0.5,280,1600
3596,NAYANDANAHALLI TANK,2021,25,0.3,6.1,211,3.6,0.5,330,2400
3686,NIRASAGARAKERE TANK,2021,24,7.3,7.5,326,1,0.32,260,1200
3687,NUGGIKERE TANK,2021,23,6.5,7.3,620,3.2,0.72,330,2100
3669,PEREMINAHALLI KERE,2021,22,5.2,7.4,380,1.8,0.3,310,1700
3565,PILIKULA TANK,2021,28,4.9,6.5,128,2,2.1,700,4300
4502,RAMAMMANA KERE,2021,25,2.8,7.2,896,5,2,480,2100
4513,RAMAMMANA KERE,2021,25,1.6,6.2,230,2,0.56,580,2800
4531,RAYASANDRA LAKE,2021,25,0.3,6.7,1035,5,1.15,30,46
4498,"SANAVALLI DAM, MUNGOD",2021,23,7.1,6.8,163,2.2,0.3,13,900
3672,SANKALAPURAKERE TANK,2021,22,4.1,7.4,450,2,0.3,500,1600
3594,SANKEY TANK,2021,25,4.9,6.5,267,3,0.56,2800,9000
3667,SATHENAHALLIDODDAKERE TANK,2021,22,4.5,7.6,780,3,0.5,800,1300
3674,SATHYAMANGALA KERE,2021,22,5.4,7.5,370,1.8,0.3,170,1800
3694,SHANTHISAGARKERE TANK,2021,25,6,7.7,104,2,0.3,110,275
3677,SHARANABASAVESHWARA KERE,2021,26,6,7.5,1035,3,0.3,130,900
3600,SHIVAPURA TANK,2021,25,0.3,6.5,762,5,2,25,45
3689,SOMESHWARAKERE TANK,2021,23,5.8,7.1,732,3.3,1.02,50,140
3668,SOUDRALLI KERE,2021,21,4.3,7.3,690,2.9,0.3,110,350
3633,SUBRAMANYAPURA TANK,2021,25,0.3,6.5,969,5,0.8,110,225
3688,SUDANAKERE TANK,2021,23,6.9,7.7,581,3.4,0.52,170,900
3690,UNAKALKERE TANK,2021,25,6.9,7.7,876,3.3,1.02,70,220
3640,UTTARAHALLI DORAIKERE,2021,25,0.3,6.7,192,4,0.52,80,240
3632,VEERAPURA TANK,2021,25,0.3,6.5,309,3,0.8,1300,3000
3603,VENGAIHNAKERE,2021,24,1.9,6.5,667,2,0.8,110,350
3691,VIMANABHUTHIKERE TANK,2021,25,6.2,7.2,92,2,0.3,140,350
3630,YELAHANKA TANK,2021,25,4,6.5,512,4,1.2,5000,9000
3605,YELLAMALLAPPA TANK,2021,25,3.1,6.6,887,5,0.7,1300,2400
